<save>
    <rooms>
        <room>
            <id>0</id>
            <isDiscovered>false</isDiscovered>
            <items>
            </items>
            <entities>
                <entity>
                    <id>7</id>
                    <hp>100</hp>
                </entity>
            </entities>
        </room>
        <room>
            <id>1</id>
            <isDiscovered>false</isDiscovered>
            <items>
            </items>
            <entities>
                <entity>
                    <id>8</id>
                    <hp>200</hp>
                </entity>
            </entities>
        </room>
        <room>
            <id>2</id>
            <isDiscovered>false</isDiscovered>
            <items>
            </items>
            <entities>
                <entity>
                    <id>6</id>
                    <hp>100</hp>
                </entity>
            </entities>
        </room>
        <room>
            <id>3</id>
            <isDiscovered>false</isDiscovered>
            <items>
            </items>
            <entities>
                <entity>
                    <id>1</id>
                    <state>0</state>
                </entity>
            </entities>
        </room>
        <room>
            <id>4</id>
            <isDiscovered>false</isDiscovered>
            <items>
            </items>
            <entities>
                <entity>
                    <id>4</id>
                    <hp>30</hp>
                </entity>
                <entity>
                    <id>9</id>
                    <hp>50</hp>
                </entity>
            </entities>
        </room>
        <room>
            <id>5</id>
            <isDiscovered>false</isDiscovered>
            <items>
            </items>
            <entities>
                <entity>
                    <id>2</id>
                    <state>0</state>
                </entity>
            </entities>
        </room>
        <room>
            <id>6</id>
            <isDiscovered>false</isDiscovered>
            <items>
            </items>
            <entities>
                <entity>
                    <id>5</id>
                    <hp>100</hp>
                </entity>
            </entities>
        </room>
        <room>
            <id>7</id>
            <isDiscovered>false</isDiscovered>
            <items>
            </items>
            <entities>
                <entity>
                    <id>3</id>
                    <hp>30</hp>
                </entity>
            </entities>
        </room>
        <room>
            <id>8</id>
            <isDiscovered>false</isDiscovered>
            <items>
                <item>
                    <id>11</id>
                    <quantity>1</quantity>
                </item>
                <item>
                    <id>0</id>
                    <quantity>1</quantity>
                </item>
                <item>
                    <id>12</id>
                    <quantity>1</quantity>
                </item>
            </items>
            <entities>
            </entities>
        </room>
        <room>
            <id>9</id>
            <isDiscovered>false</isDiscovered>
            <items>
                <item>
                    <id>7</id>
                    <quantity>1</quantity>
                </item>
                <item>
                    <id>16</id>
                    <quantity>1</quantity>
                </item>
            </items>
            <entities>
            </entities>
        </room>
        <room>
            <id>10</id>
            <isDiscovered>false</isDiscovered>
            <items>
            </items>
            <entities>
                <entity>
                    <id>0</id>
                    <state>0</state>
                </entity>
            </entities>
        </room>
        <room>
            <id>11</id>
            <isDiscovered>false</isDiscovered>
            <items>
                <item>
                    <id>14</id>
                    <quantity>1</quantity>
                </item>
                <item>
                    <id>1</id>
                    <quantity>1</quantity>
                </item>
                <item>
                    <id>13</id>
                    <quantity>1</quantity>
                </item>
            </items>
            <entities>
            </entities>
        </room>
        <room>
            <id>12</id>
            <isDiscovered>false</isDiscovered>
            <items>
                <item>
                    <id>8</id>
                    <quantity>1</quantity>
                </item>
                <item>
                    <id>17</id>
                    <quantity>1</quantity>
                </item>
            </items>
            <entities>
                <entity>
                    <id>10</id>
                    <state>0</state>
                </entity>
            </entities>
        </room>
        <room>
            <id>13</id>
            <isDiscovered>true</isDiscovered>
            <items>
                <item>
                    <id>15</id>
                    <quantity>1</quantity>
                </item>
            </items>
            <entities>
            </entities>
        </room>
        <room>
            <id>14</id>
            <isDiscovered>false</isDiscovered>
            <items>
                <item>
                    <id>10</id>
                    <quantity>1</quantity>
                </item>
                <item>
                    <id>1</id>
                    <quantity>1</quantity>
                </item>
                <item>
                    <id>6</id>
                    <quantity>1</quantity>
                </item>
            </items>
            <entities>
            </entities>
        </room>
        <room>
            <id>15</id>
            <isDiscovered>false</isDiscovered>
            <items>
            </items>
            <entities>
            </entities>
        </room>
    </rooms>
    <player>
        <playerPosition>13</playerPosition>
        <hp>100</hp>
        <score>0</score>
        <bossesDefeated>0</bossesDefeated>
        <equippedWeaponID>-1</equippedWeaponID>
        <inventory>
        </inventory>
        <effects>
        </effects>
    </player>
</save>