<rooms> 
    <room>
        <id>0</id>
        <name>Gorilla's Chamber</name>
        <description>The room is dark and humid, dominated by an imposing stone throne.</description>
        <passages>
            <value>-1</value>
            <value>1</value>
            <value>4</value>
            <value>-1</value>
        </passages>
    </room>
    <room>
        <id>1</id>
        <name>Final Boss Room</name>
        <description>Cracked and crumbling walls, choked by glowing moss, cast an eerie green pallor on the room. Broken statues of forgotten gods litter the floor. A pulsating stone altar, etched with arcane symbols, dominates the center.</description>
        <passages>
            <value>-1</value>
            <value>2</value>
            <value>5</value>
            <value>0</value>
        </passages>
    </room>
    <room>
        <id>2</id>
        <name>Anacoda Chamber</name>
        <description>The room is almost flooded, sunlight filters through cracks. There is a central platform. The only sound is the dripping of the water.</description>
        <passages>
            <value>-1</value>
            <value>3</value>
            <value>-1</value>
            <value>1</value>
        </passages>
    </room>
    <room>
        <id>3</id>
        <name>Ex-Archeologist room</name>
        <description>The room walls are covered in maps and intriguing artifacts. Worn journals are overflowing satchels.</description>
        <passages>
            <value>-1</value>
            <value>-1</value>
            <value>7</value>
            <value>2</value>
        </passages>
    </room>
    <room>
        <id>4</id>
        <name>Crocodiles room</name>
        <description>A swamp fills a dimly lit room, traversed by rickety walkway. The smell of dead fish is almost nauseating.</description>
        <passages>
            <value>0</value>
            <value>5</value>
            <value>8</value>
            <value>-1</value>
        </passages>
    </room>
    <room>
        <id>5</id>
        <name>Treasure Room</name>
        <description>Jungle vines reveal a treasure trove. Jewels spill from chests, gold statues gleam, and someone seems to be enjoying the view.</description>
        <passages>
            <value>1</value>
            <value>6</value>
            <value>9</value>
            <value>4</value>
        </passages>
    </room>
    <room>
        <id>6</id>
        <name>Tarantula room</name>
        <description>An unnatural glow emanates from a colossal spiderweb that blankets the room. Everythin is sticky and moving is very difficult.</description>
        <passages>
            <value>-1</value>
            <value>-1</value>
            <value>10</value>
            <value>5</value>
        </passages>
    </room>
    <room>
        <id>7</id>
        <name>Snakes room</name>
        <description>A crumbling jungle temple chamber. Sunlight struggles through, illuminating dust motes in the stagnant air. Vines are all across the floor, broken columns half-buried. A colossal stone snake statue coils around a moss-covered altar.</description>
        <passages>
            <value>3</value>
            <value>-1</value>
            <value>11</value>
            <value>-1</value>
        </passages>
    </room>
    <room>
        <id>8</id>
        <name>Room 3</name>
        <description>Vines snake across moss-covered stones. Sunlight filters faintly through cracks in the ceiling, illuminating dust motes dancing in the stale air.</description>
        <passages>
            <value>4</value>
            <value>-1</value>
            <value>-1</value>
            <value>-1</value>
        </passages>
    </room>
    <room>
        <id>9</id>
        <name>Statue Room</name>
        <description>At the center of the room stands a mysterious statue.</description>
        <passages>
            <value>5</value>
            <value>-1</value>
            <value>13</value>
            <value>-1</value>
        </passages>
    </room>
    <room>
        <id>10</id>
        <name>Offering Chamber</name>
        <description>Humid air hangs heavy and the scent of exotic incense is strong. Through the smoke you are able to see someone...</description>
        <passages>
            <value>6</value>
            <value>11</value>
            <value>14</value>
            <value>-1</value>
        </passages>
    </room>
    <room>
        <id>11</id>
        <name>Room 2</name>
        <description>A colossal stone jaguar statue dominates the room, its eyes glowing with an eerie emerald light. The air crackles with unseen energy.</description>
        <passages>
            <value>7</value>
            <value>-1</value>
            <value>-1</value>
            <value>10</value>
        </passages>
    </room>
    <room>
        <id>12</id>
        <name>Shaman Room</name>
        <description>In this room lies the corpse of a shaman, it almost seems like he is sleeping...</description>
        <passages>
            <value>-1</value>
            <value>13</value>
            <value>-1</value>
            <value>-1</value>
        </passages>
    </room>
    <room>
        <id>13</id>
        <name>Temple Entrance</name>
        <description>The jungle temple room is surrounded by lush vegetation. There are multiple corridors ahead.</description>
        <passages>
            <value>9</value>
            <value>14</value>
            <value>-1</value>
            <value>12</value>
        </passages>
    </room>
    <room>
        <id>14</id>
        <name>Room 1</name>
        <description>Golden statues glimmer in the flickering torchlight. Jewels the size of fists adorn chests overflowing with ancient coins. Cobwebs drape the walls, hinting at the dangers that may lurk within.</description>
        <passages>
            <value>10</value>
            <value>15</value>
            <value>-1</value>
            <value>13</value>
        </passages>
    </room>
    <room>
        <id>15</id>
        <name>Tunnels Room</name>
        <description>The room has multiple entrances leading to dark, mysterious tunnels. You find yourself wandering lost in the dark corridors and keep walking until you find the exit to a different room.</description>
        <passages>
            <value>-1</value>
            <value>-1</value>
            <value>-1</value>
            <value>14</value>
        </passages>
    </room>
</rooms>