<monsters>
    <monster>
        <id>3</id>
        <dropID>9</dropID>
        <name>Slithering Snakes</name>
        <damage>5</damage>
        <effectId>-1</effectId>
        <maxHp>30</maxHp>
    </monster>
    <monster>
        <id>4</id>
        <dropID>2</dropID>
        <name>Hungry Crocodiles</name>
        <damage>5</damage>
        <effectId>-1</effectId>
        <maxHp>30</maxHp>
    </monster>
    <monster>
        <id>5</id>
        <dropID>2</dropID>
        <name>Venomous Tarantula</name>
        <damage>20</damage>
        <effectId>4</effectId>
        <maxHp>100</maxHp>
    </monster>
    <monster>
        <id>6</id>
        <dropID>2</dropID>
        <name>Long Anaconda</name>
        <damage>20</damage>
        <effectId>3</effectId>
        <maxHp>100</maxHp>
    </monster>
    <monster>
        <id>7</id>
        <dropID>2</dropID>
        <name>Raging Gorilla</name>
        <damage>20</damage>
        <effectId>5</effectId>
        <maxHp>100</maxHp>
    </monster>
    <monster>
        <id>8</id>
        <dropID>18</dropID>
        <name>Golem of the Temple</name>
        <damage>50</damage>
        <effectId>3</effectId>
        <maxHp>200</maxHp>
    </monster>
    <monster>
        <id>9</id>
        <dropID>14</dropID>
        <name>Mysterious Mummy</name>
        <damage>15</damage>
        <effectId>-1</effectId>
        <maxHp>50</maxHp>
    </monster>
</monsters>