<traders>
    <trader>
        <id>0</id>
        <givenItemID>9</givenItemID>
        <dropID>3</dropID>
        <name>Indigenous Trader</name>
        <traderMessages>
            <greetingsMsg>Greetings. The jungle whispers of your arrival. Have you come for knowledge, or for looting?</greetingsMsg>
            <waitingMsg>I would be most grateful if you could bring me a single snake tusk. It holds a rare power for a sacred ritual.</waitingMsg>
            <servedMsg>The shadows dance with your return, traveler. Have you learned more of their secrets?</servedMsg>
            <goodItemMsg>Ah, the serpent's fang! It hums with a potent energy. You have done well, traveler. In return, take this...</goodItemMsg>
            <badItemMsg>This is not what I requested, traveler. The spirits are confused by your offering. Perhaps you misunderstood?</badItemMsg>
        </traderMessages>
    </trader>
    <trader>
        <id>1</id>
        <givenItemID>10</givenItemID>
        <dropID>4</dropID>
        <name>Ex Archeologist</name>
        <traderMessages>
            <greetingsMsg>Great. Another 'explorer.' Let's see what trinkets you've dug up.</greetingsMsg>
            <waitingMsg>Listen up, kid. Heard rumors of a strange crystal deep in this temple. If it's real, I might be interested. Worth more than your usual junk, that's for sure.</waitingMsg>
            <servedMsg>Back again? You better have something good this time.</servedMsg>
            <goodItemMsg>Ahh this is nice! A little polish and it got almost translucent! Here, that it with you, it may be useful.</goodItemMsg>
            <badItemMsg>That's not it. Another day, another disappointment. *Sighs* Better luck next time, I suppose.</badItemMsg>
        </traderMessages>
    </trader>
    <trader>
        <id>2</id>
        <givenItemID>11</givenItemID>
        <dropID>5</dropID>
        <name>Jeweler Crafter</name>
        <traderMessages>
            <greetingsMsg>Not all that glitters is gold, but some shine brighter than any treasure.</greetingsMsg>
            <waitingMsg>I found this amazing gem but I cant find anywhere a necklace worth of it. Could you help me find it?</waitingMsg>
            <servedMsg>Are you trying to distract me with another shiny object? The stone is already in its necklace.</servedMsg>
            <goodItemMsg>This is absolutely perfect! I love how the necklace highlights the stone's natural beauty. You've outdone yourself! Here, take this with you.</goodItemMsg>
            <badItemMsg>Hmm, this... isn't quite what I was expecting. Don't worry, these things happen. Let me know what you brought in, and we can figure out the perfect setting for the stone.</badItemMsg>
        </traderMessages>
    </trader>
    <trader>
        <id>10</id>
        <name>Shaman Spirit</name>
        <traderMessages>
            <greetingsMsg>The jungle whispers your arrival. This is a dangerous place, but the inscriptions narrates of a powerful weapon hidde in this temple.</greetingsMsg>
        </traderMessages>
    </trader>
</traders>