<consumableItems>
    <consumableItem>
        <id>0</id>
        <name>Apple</name>
        <description>A juicy jungle apple.</description>
        <weight>1</weight>
        <hp>15</hp>
    </consumableItem>
    <consumableItem>
        <id>1</id>
        <name>Pork chop</name>
        <description>A well cooked pork chop.</description>
        <weight>2</weight>
        <hp>40</hp>
    </consumableItem>
    <consumableItem>
        <id>2</id>
        <name>Sandwich</name>
        <description>A well stuffed sandwich.</description>
        <weight>3</weight>
        <hp>100</hp>
    </consumableItem>
    <consumableItem>
        <id>3</id>
        <name>Snake Antivenom</name>
        <description>Potion brewed with the tusk of a snake, you are now immune to snake venom.</description>
        <weight>1</weight>
        <hp>0</hp>
    </consumableItem>
    <consumableItem>
        <id>4</id>
        <name>Shiny Crystal</name>
        <description>This cristal shines a bright light even in the darkest of tunnels.</description>
        <weight>1</weight>
        <hp>0</hp>
    </consumableItem>
    <consumableItem>
        <id>5</id>
        <name>Amulet of strength</name>
        <description>Wearing this amulet you will gain the power of the jungle king.</description>
        <weight>1</weight>
        <hp>0</hp>
    </consumableItem>
</consumableItems>