<nonPickableItems>
    <nonPickableItem>
        <id>6</id>
        <name>Miraculous Fountain</name>
        <description>A glow emanates from the fountain. Try drinking from it.</description>
        <hp>40</hp>
    </nonPickableItem>
    <nonPickableItem>
        <id>7</id>
        <name>Dangerous Statue</name>
        <description>A twisted, iron warrior statue dripping with a viscous, crimson liquid. An unsettling aura emanates from it.</description>
        <hp>-30</hp>
    </nonPickableItem>
    <nonPickableItem>
        <id>8</id>
        <name>Old Hieroglyph</name>
        <description>The inscription narrates of a non dead creature moving in the temple...</description>
        <hp>0</hp>
    </nonPickableItem>
</nonPickableItems>