<pickableItems>
    <pickableItem>
        <id>9</id>
        <name>Snake Tusk</name>
        <description>A snake tusk dripping with venom.</description>
        <weight>1</weight>
    </pickableItem>
    <pickableItem>
        <id>10</id>
        <name>Raw Crystal</name>
        <description>A rough crystal pulses with a raw magic thrumming beneath its surface.</description>
        <weight>1</weight>
    </pickableItem>
    <pickableItem>
        <id>11</id>
        <name>Antique Necklace</name>
        <description>An old necklace of fine workmanship, but it seems to be missing it's gem.</description>
        <weight>1</weight>
    </pickableItem>
    <pickableItem>
        <id>12</id>
        <name>Bizarre Rock</name>
        <description>A very bizzarre rock.</description>
        <weight>2</weight>
    </pickableItem>
    <pickableItem>
        <id>13</id>
        <name>Mangrove Twig</name>
        <description>A mangrove Twig</description>
        <weight>2</weight>
    </pickableItem>
    <pickableItem>
        <id>14</id>
        <name>Rotten Banana</name>
        <description>Rotten Banana</description>
        <weight>2</weight>
    </pickableItem>
    <pickableItem>
        <id>18</id>
        <name>Treasure</name>
        <description>Treasure of the temple</description>
        <weight>0</weight>
    </pickableItem>
</pickableItems>