<weaponItems>
    <weaponItem>
        <id>15</id>
        <name>Machete</name>
        <description>A very handy tool for moving in the jungle and a decent weapon.</description>
        <weight>4</weight>
        <damage>15</damage>
    </weaponItem>
    <weaponItem>
        <id>16</id>
        <name>Powerful Mace</name>
        <description>A powerful mace used to break rocks, a great weapon against strong enemies.</description>
        <weight>6</weight>
        <damage>100</damage>
    </weaponItem>
    <weaponItem>
        <id>17</id>
        <name>Bow and arrows</name>
        <description>A bow and some arrows.</description>
        <weight>5</weight>
        <damage>60</damage>
    </weaponItem>
</weaponItems>